<?xml version="1.0" encoding="UTF-8"?>
<metadata xml:lang="zh"><Esri><CreaDate>20180903</CreaDate><CreaTime>11075900</CreaTime><ArcGISFormat>1.0</ArcGISFormat><SyncOnce>TRUE</SyncOnce><DataProperties><lineage><Process ToolSource="d:\program files (x86)\arcgis\desktop10.2\ArcToolbox\Toolboxes\Data Management Tools.tbx\CreateFeatureclass" Date="20180903" Time="105542">CreateFeatureclass D:\比赛数据\esri遥感组\道路数据\china-latest-free.shp\路径.gdb 诗词点 POINT # DISABLED DISABLED # # 0 0 0</Process><Process ToolSource="d:\program files (x86)\arcgis\desktop10.2\ArcToolbox\Toolboxes\Data Management Tools.tbx\AddField" Date="20180903" Time="105543">AddField D:\比赛数据\esri遥感组\道路数据\china-latest-free.shp\路径.gdb\诗词点 poemname TEXT # # 200 poemname NULLABLE NON_REQUIRED #</Process><Process ToolSource="d:\program files (x86)\arcgis\desktop10.2\ArcToolbox\Toolboxes\Data Management Tools.tbx\AddField" Date="20180903" Time="105543">AddField D:\比赛数据\esri遥感组\道路数据\china-latest-free.shp\路径.gdb\诗词点 poet TEXT # # 200 poet NULLABLE NON_REQUIRED #</Process><Process ToolSource="d:\program files (x86)\arcgis\desktop10.2\ArcToolbox\Toolboxes\Data Management Tools.tbx\AddField" Date="20180903" Time="105544">AddField D:\比赛数据\esri遥感组\道路数据\china-latest-free.shp\路径.gdb\诗词点 plocation TEXT # # 200 plocation NULLABLE NON_REQUIRED #</Process><Process ToolSource="d:\program files (x86)\arcgis\desktop10.2\ArcToolbox\Toolboxes\Data Management Tools.tbx\AddField" Date="20180903" Time="105544">AddField D:\比赛数据\esri遥感组\道路数据\china-latest-free.shp\路径.gdb\诗词点 grade TEXT # # 200 grade NULLABLE NON_REQUIRED #</Process><Process ToolSource="d:\program files (x86)\arcgis\desktop10.2\ArcToolbox\Toolboxes\Data Management Tools.tbx\AddField" Date="20180903" Time="105545">AddField D:\比赛数据\esri遥感组\道路数据\china-latest-free.shp\路径.gdb\诗词点 id DOUBLE 10 4 # id NULLABLE NON_REQUIRED #</Process><Process ToolSource="d:\program files (x86)\arcgis\desktop10.2\ArcToolbox\Toolboxes\Data Management Tools.tbx\AddField" Date="20180903" Time="105545">AddField D:\比赛数据\esri遥感组\道路数据\china-latest-free.shp\路径.gdb\诗词点 location TEXT # # 200 location NULLABLE NON_REQUIRED #</Process><Process ToolSource="d:\program files (x86)\arcgis\desktop10.2\ArcToolbox\Toolboxes\Data Management Tools.tbx\AddField" Date="20180903" Time="105546">AddField D:\比赛数据\esri遥感组\道路数据\china-latest-free.shp\路径.gdb\诗词点 oder DOUBLE 10 4 # oder NULLABLE NON_REQUIRED #</Process><Process ToolSource="d:\program files (x86)\arcgis\desktop10.2\ArcToolbox\Toolboxes\Data Management Tools.tbx\AddField" Date="20180903" Time="105546">AddField D:\比赛数据\esri遥感组\道路数据\china-latest-free.shp\路径.gdb\诗词点 dynasty TEXT # # 200 dynasty NULLABLE NON_REQUIRED #</Process><Process ToolSource="d:\program files (x86)\arcgis\desktop10.2\ArcToolbox\Toolboxes\Data Management Tools.tbx\AddField" Date="20180903" Time="105547">AddField D:\比赛数据\esri遥感组\道路数据\china-latest-free.shp\路径.gdb\诗词点 poetID TEXT # # 200 poetID NULLABLE NON_REQUIRED #</Process><Process ToolSource="d:\program files (x86)\arcgis\desktop10.2\ArcToolbox\Toolboxes\Data Management Tools.tbx\AddField" Date="20180903" Time="105547">AddField D:\比赛数据\esri遥感组\道路数据\china-latest-free.shp\路径.gdb\诗词点 PoemPHOTOS TEXT # # 200 PoemPHOTOS NULLABLE NON_REQUIRED #</Process></lineage></DataProperties></Esri></metadata>
